tax_id,read_count
Mycolicibacterium gadium,400
Edwardsiella tarda,17
Mycobacterium szulgai,5
Corallococcus coralloides,3
Mycobacterium gordonae,3
Mycobacteroides chelonae,3
Mycobacterium leprae,2
Mycobacterium tuberculosis,2
Mycolicibacterium phlei,2
Yersinia bercovieri,2
Mycolicibacter terrae,1
Plasmid P6,1
Leptospira interrogans,1
Peptoclostridium litorale,1
Mycolicibacterium fortuitum,1
Methylococcus capsulatus,1
Pimelobacter simplex,1
Ligilactobacillus animalis,1
Latilactobacillus sakei,1
Loigolactobacillus bifermentans,1
[Clostridium] scindens,1
[Haemophilus] ducreyi,1
