tax_id,read_count
Mycolicibacterium gadium,196
Edwardsiella tarda,25
Mycobacterium leprae,10
Mycobacteroides chelonae,5
Mycobacterium tuberculosis,5
Mycolicibacterium fortuitum,4
Mycolicibacterium phlei,4
Mycobacterium gordonae,4
Corallococcus coralloides,3
Mycobacterium szulgai,3
Mycobacterium cookii,2
Loigolactobacillus bifermentans,1
Mycobacterium intracellulare,1
Geodermatophilus obscurus,1
Mycolicibacterium sphagni,1
Mycolicibacterium aurum,1
Mycobacterium asiaticum,1
Leptospira interrogans,1
Yersinia bercovieri,1
Limosilactobacillus oris,1
