tax_id,read_count
Mycolicibacterium gadium,250
Edwardsiella tarda,19
Mycobacterium leprae,4
Mycolicibacterium fortuitum,4
Mycobacteroides chelonae,4
Mycobacterium tuberculosis,3
Leptospira interrogans,3
Yersinia bercovieri,3
Mycobacterium szulgai,2
Mycolicibacterium phlei,2
Mycobacterium gordonae,2
Faecalicatena orotica,1
Mycobacterium cookii,1
Loigolactobacillus bifermentans,1
Companilactobacillus alimentarius,1
Corallococcus coralloides,1
Rhizobium rhizogenes,1
Agrobacterium tumefaciens,1
Cellulosimicrobium cellulans,1
